"id","issue_count","issues"
"aac_heavyweight_m1","5","desc_truncated: 'The boss will point her orb to one side of the arena, indicating a late-telegraphed half-room cleave to her left or right. This is immediately followe...' | desc_truncated: 'A telegraphed large circle AoE in the middle of the room. The boss will also summon several bats that will begin rotating, but are harmless to touch. ...' | desc_truncated: 'and Dead Wake: Vamp Fatale will target each party member with a telegraphed spread AoE dealing magical damage. In addition, the Coffinmaker will charg...' | desc_truncated: 'and Dead Wake: Vamp Fatale will target each healer with a stack marker dealing magical damage and magic vulnerability up Magic Vulnerability Up, makin...' | desc_wiki_artifact (File:): 'Magical raid-wide damage and the boss gains a stack of File:Satisfied icon.png Satisfied, increasing her damage dealt.'"
"aac_light-heavyweight_m1","1","boss_no_mnemonic: Black Cat"
"abyssal_fracture","1","boss_no_mnemonic: Zeromus"
"abyssal_fracture_extreme","1","boss_no_mnemonic: Zeromus"
"aery","3","boss_no_mnemonic: Rangda | boss_no_mnemonic: Gyascutus | boss_no_mnemonic: Nidhogg"
"aetherfont","3","boss_no_mnemonic: Lyngbakr | boss_no_mnemonic: Thaliak | boss_no_mnemonic: Ambrosa"
"aetherochemical_research_facility","10","mnemonic_truncated: '3）B3 Igeyorhm：Shadow Flare / Fire Sphere / Esoteric Fusion' | desc_bad_start: ', a telegraphed 270 degree conal AoE.' | desc_truncated: 'Changes Forms, form will be announced but may be only a split second before the change. There is no cast or announcement prior to changing back to Sph...' | desc_truncated: '**Ballistic Missile will target a party member with a missile, indicated by a circular ""enumeration"" marker with a number of rotating spheres over it,...' | desc_truncated: 'Another version of this spell will result in two pairs of Burning Stars that are tethered and advance towards each other, which will explode upon cont...' | desc_truncated: 'Similar to the Towering Oliphant's Rout attack in The Dusk Vigil, this is a line stack marker, which requires players to line up between Lahabrea and ...' | desc_truncated: 'Features combinations of the tethered Burning Stars and Frozen Stars from the previous battle. Ascian Prime will then cast Fusion Prime to make them c...' | desc_truncated: 'Causes room-wide damage and five debuffs. As of Patch 6.3, there no portals to hide in and avoid this, and the debuffs will detonate the following mec...' | desc_truncated: 'A reprisal of Lahabrea's ultimate from The Ultimate Weapon. Ascian Prime becomes untargettable, summons a large Arcane Sphere, and begins siphoning po...' | desc_truncated: 'Heavy raid-wide damage based on how far the Ascian Prime's Power gauge filled. If Ascian Prime was allowed to reach 100%, his attack will wipe the par...'"
"ageless_necropolis","10","mnemonic_no_zh: '3）Mass Macabre' | desc_truncated: 'Party-wide magical damage and summons eight untargetable Icy Hands adds at various locations. The add spawn locations will be denoted by purple circle...' | desc_truncated: 'Telegraphed line AoEs covering the outer edges of the arena, leaving the middle third safe. One of the boss's sides will glow, indicating that after t...' | desc_truncated: 'A telegraphed line AoE through the middle of the room, leaving behind a persistent danger zone that will inflict bleeding bleeding. Five Icy Hands wil...' | desc_truncated: 'The boss will display either a donut or a filled circle on its ring, storing an attack for later, indicated by a blue diamond on the ring. Necron draw...' | desc_truncated: 'Party-wide magical damage and compresses the arena to a much smaller circle. Four untargetable Azure Aether orbs will begin rotating outside, each wit...' | desc_truncated: 'The boss briefly becomes targetable and uses a party-wide magical attack before becoming untargetable again. Each party member will be individually tr...' | desc_truncated: 'The boss tethers two locations, one east and one west, indicating the spawn locations of two large hands (Looming Specters). They will each do a late ...' | desc_truncated: 'The boss will show sequentially four AoE telegraphs on its ring, either circle > donut > circle > donut, or donut > circle > donut > circle. Each tele...' | desc_truncated: 'Spawns four four-person summoning circles. Each one must be soaked by four people at once to be disarmed. Towers that are not soaked in time will summ...'"
"aglaia","3","boss_no_mnemonic: Byregot | boss_no_mnemonic: Nymeia | boss_no_mnemonic: Azeyma"
"aitiascope","3","boss_no_mnemonic: The Watcher | boss_no_mnemonic: Lahabrea | boss_no_mnemonic: Fandaniel"
"akadaemia_anyder","3","boss_no_mnemonic: Ashelia | boss_no_mnemonic: Frigid Stars | boss_no_mnemonic: Ipheion"
"alexander_-_the_arm_of_the_father","3","mnemonic_no_zh: '3）Cascade' | desc_truncated: '- 4 players get markers above their head. These players should spread out from the rest of the raid, as they will deal AoE damage around themselves. S...' | desc_truncated: '- Raidwide that knocks each player in a random direction. The knockback distance is slightly less than the radius of the platform. To avoid being knoc...'"
"alexander_-_the_arm_of_the_father_savage","1","boss_no_mnemonic: Living Liquid"
"alexander_-_the_arm_of_the_son","4","desc_bad_start: ', which is a sort of tankbuster.；MT開大減傷 雙T swap接力。' | desc_bad_start: ', which inflicts damage every time you move or use actions.' | desc_bad_start: '.；依預兆走位處理。' | desc_bad_start: ', a doom Doom (status effect)-Type debuff, and must kill an Alarum add before it runs out.'"
"alexander_-_the_arm_of_the_son_savage","1","boss_no_mnemonic: Quickthinx Allthoughts"
"alexander_-_the_breath_of_the_creator","1","boss_no_mnemonic: Lamebrix Strikebocks"
"alexander_-_the_breath_of_the_creator_savage","4","desc_truncated: 'The main tank will receive a Prey marker and tether to the boss. The off tank will either need to Provoke the boss so the main tank can run away and b...' | desc_truncated: 'The boss will summon clones around the arena and debuff players with Extreme Caution. This debuff requires players to stop attacking the boss until it...' | desc_truncated: 'This set of charges will be the move in and move out mechanics, however they will be in a random order, so players will need to pay attention to see w...' | desc_truncated: 'The boss tethers to a player, begins to spin and slowly advances towards them. Anyone hit by this attack will be knocked back and and take heavy damag...'"
"alexander_-_the_burden_of_the_father","1","boss_no_mnemonic: The Manipulator"
"alexander_-_the_burden_of_the_father_savage","3","mnemonic_no_zh: '3）Discoid' | desc_bad_start: '.；依預兆走位處理。' | desc_bad_start: '.；依預兆走位處理。'"
"alexander_-_the_burden_of_the_son","13","desc_truncated: 'This attack deals high damage and debuffs a player with magic vulnerability up Magic Vulnerability Up, making Hydrothermal Missile deal massive damage...' | desc_truncated: 'The boss will begin charging, then fire a massive beam that deals heavy damage, debuffs with vulnerability up Vulnerability Up and has a heavy knockba...' | desc_truncated: 'The boss will summon two Steam Regulator A and two Steam Regulator B. Players need to burn these down quickly, as they will soon explode and deal raid...' | desc_truncated: 'Four players are tethered to an orb that slowly starts moving towards them. If these orbs touch their player, they will die. Tanks should take these h...' | desc_truncated: 'The boss summons AoEs under players, dropping missiles on those spots. If a player is hit, they will take heavy damage and be debuffed with vulnerabil...' | desc_truncated: 'A player will be marked with a large shimmering AoE and a chunk of ice over their head. Wherever the player is when the marker disappears, a persistin...' | desc_truncated: 'Drops an AoE to where the player was standing. Leaves behind a persistent lava puddle that deals damage when players stand in it, and debuffs with slu...' | desc_truncated: 'The boss will rise up and summon canons to its arms. Though the effect will show on both arms, players need to watch to see if the boss summons one or...' | desc_truncated: 'Players will be marked with a blue arrow, then a clone of the boss will drop on them shortly after. These clones will then charge in a straight line f...' | desc_truncated: 'A player is surrounded by a circle with orbs overhead. The orbs indicate how many players need to stand in that circle to mitigate the damage. If too ...' | desc_truncated: 'The boss checks where players are standing to see what height they are at. If players are standing on the correct floor height for their debuff, the p...' | desc_truncated: 'Four players have AoEs dropped underneath them, and one player is marked for stacking. Any player hit by the AoEs will take heavy damage and be debuff...' | desc_truncated: 'The boss turns towards a player and fires lasers perpetually. Every second standing in this attack deals heavy damage and a stack of vulnerability up ...'"
"alexander_-_the_burden_of_the_son_savage","9","desc_wiki_artifact ({{): 'and {{Status effect|buff|File:Companion attack up icon.' | desc_bad_start: '.' | desc_bad_start: '.' | desc_bad_start: '.' | desc_bad_start: '.' | desc_bad_start: '.' | desc_bad_start: '.' | desc_bad_start: '.' | desc_bad_start: '.'"
"alexander_-_the_cuff_of_the_father","1","boss_no_mnemonic: Wave Enemies"
"alexander_-_the_cuff_of_the_father_savage","1","boss_no_mnemonic: Living Liquid + Liquid Hand"
"alexander_-_the_cuff_of_the_son","1","boss_no_mnemonic: Vortexer"
"alexander_-_the_cuff_of_the_son_savage","10","desc_bad_start: '.' | desc_bad_start: ', and {{status effect|debuff|File:HP penalty icon1.' | desc_wiki_artifact ({{): ', and {{status effect|debuff|File:HP penalty icon1.' | desc_bad_start: '.' | desc_wiki_artifact ({{): 'or {{status effect|debuff|File:LowArithmeticDebuff.' | desc_bad_start: '.' | desc_wiki_artifact ({{): '{{status effect|debuff|File:Compressed lightning icon1.' | desc_bad_start: '.' | desc_bad_start: ', a very high damage knockback attack.' | desc_bad_start: '.'"
"alexander_-_the_eyes_of_the_creator","1","boss_no_mnemonic: Refurbisher 0"
"alexander_-_the_eyes_of_the_creator_savage","1","desc_bad_start: '.；依預兆走位處理。'"
"alexander_-_the_fist_of_the_father","1","desc_bad_start: '.'"
"alexander_-_the_fist_of_the_father_savage","8","desc_bad_start: '.；依預兆走位處理。' | desc_bad_start: '.；依預兆走位處理。' | desc_wiki_artifact (</): 'enemies per Oppressor, which will <u>tether to the first person who attacks them</u> and completely ignore enmity.' | desc_bad_start: '.；依預兆走位處理。' | desc_bad_start: ', which transfers one stack of {{status effect|debuff|File:MiniStackingDebuff.' | desc_wiki_artifact ({{): ', which transfers one stack of {{status effect|debuff|File:MiniStackingDebuff.' | desc_wiki_artifact (</): 'health</u> when it is summoned, but not after.' | desc_bad_start: ', which will wipe the party if the cast successfully finishes.'"
"alexander_-_the_fist_of_the_son","1","boss_no_mnemonic: Ratfinx Twinkledinks"
"alexander_-_the_fist_of_the_son_savage","2","desc_truncated: 'A frontal cleave that gives a stack of physical vulnerability up 2 Physical Vulnerability Up for 20 seconds. Hits twice initially, then three times, c...' | desc_bad_start: '.；依預兆走位處理。'"
"alexander_-_the_heart_of_the_creator","1","mnemonic_no_zh: '3）Prey'"
"alexander_-_the_heart_of_the_creator_savage","4","desc_truncated: 'Summons an Armored Pauldron and begins charging Overboost. If the Armored Pauldron is not destroyed before the cast finishes, E.D.D gains a powerful d...' | desc_truncated: 'Spread Pattern - A massive unmarked Area of Effect#Simple Circle AoE that hits everything except the very edge of the arena. Later combined with Area ...' | desc_truncated: 'Stack Pattern - A small unmarked Area of Effect#Simple Circle AoE is dropped on the location each player was standing when Optical Sight finished cast...' | desc_truncated: 'Rotation Pattern - Two explosions will rotate clockwise around the edges of the arena, firing four times before lastly hitting the center. Later combi...'"
"alexander_-_the_soul_of_the_creator","12","mnemonic_truncated: '3）Communion' | mnemonic_no_zh: '3）Communion' | desc_wiki_artifact (<br>): '- Frontal cleave on the MT that deals moderate damage. Keep the boss facing away from the group.<br>' | desc_truncated: '- The boss will shoot out wide line AoEs (wider than his hitbox) in a cross pattern from his front, back, and both sides. Safe spots are a few steps a...' | desc_truncated: '- Two players will be marked with a round red marker. After a few seconds, they will be hit with a small AoE, dealing heavy damage to themselves and a...' | desc_truncated: '- Spawns 4 The General's Wing adds at the intermediate directions. These will repeatedly cast Almost Holy until they are dead. It's best to focus down...' | desc_truncated: '- Used after all the Waves have been killed or too much time passes. Must use the Tank Limit Break, or the party will wipe. Signals the start of Phase...' | desc_truncated: '- Stops time for all players for ~9 seconds. Buffs and debuffs will have their countdown timers paused until this debuff falls off. Players will need ...' | desc_truncated: '- Marks 2 random players with a green marker before Temporal Stasis goes off, hits shortly after players are frozen. Deals AoE damage centered on the ...' | desc_truncated: '- The boss will move to the center and spawn 4 adds around him. These adds will then move towards the outer edge of the arena before entering a portal...' | desc_truncated: '- Spawns multiple large black AoEs with red edges overlapping each other, with tiny safe spots in little triangles between the circles towards the bos...' | desc_truncated: '- Only used after Summon Alexander. Targets multiple players with red laser beams extending from the Giant Alexander. Players will then drop 4 white A...'"
"alexander_-_the_soul_of_the_creator_savage","14","mnemonic_truncated: '3）Inception' | mnemonic_no_zh: '3）Inception' | desc_truncated: 'The boss fires a large donut AoE that can only be avoided by moving close to the boss. If hit, most players will die. It also debuffs with infirmity I...' | desc_truncated: 'Fires line AoEs from the boss, can only be dodged on the diagonals of the boss's hitbox. If a player gets hit by this, they will most likely die. If n...' | desc_truncated: '**The General's Wing: These cast Almost Holy constantly until deafeated. After each cast they will receive a stack of Magic Damage Up. Focus on taking...' | desc_truncated: '**The General's Time: This ad will have a large green circle underneath it that buffs the other ad that spawns with damage up Damage Up. Have the off ...' | desc_truncated: 'Players need to destroy all ads before the boss finishes casting this, otherwise it is a wipe. Even with all the ads dead, Tank players will still nee...' | desc_truncated: 'The boss will return to the center of the arena and grow wings. The main tank should also provoke and establish enmity, as the enmity has reset for th...' | desc_truncated: 'Players will be completely frozen for about 8 seconds and hit by an attack. They will also receive specific debuffs that require players to participat...' | desc_truncated: 'Players will receive a massive AoE that must be moved away from the rest of the party to avoid. It also inflicts a magic vulnerability up Magic Vulner...' | desc_truncated: 'Players will need to stack with other players to split the damage of this attack in a small AoE, however they can not stack with another player that h...' | desc_truncated: 'Two players will be tethered with a blue line, and both hit by a small AoE attack. Players tethered together must move as far away from each other as ...' | desc_truncated: 'Random players are marked, and a crystal drops on them, dealing damage to the player as well as splash damage and leaves a point blank AoE. If the bos...' | desc_truncated: 'The boss will disappear and reappear at one of eight locations on the arena. If the crystals were placed at the intercardinals, players can determine ...'"
"alphascape_v10","1","boss_no_mnemonic: Chaos"
"alzadaals_legacy","7","mnemonic_truncated: '2）B2 Armored Chariot：Articulated Bits / Diffusion Ray / Graviton Cannon' | desc_truncated: 'Ambujam submerges one or both of its larger tentacles and moves them around, denoted by ripples in the water. Eventually the tentacles will stop movin...' | desc_truncated: 'The Armored Chariot moves to the center of the arena and creates an electricity puddle inside its hitbox, which inflicts an electrocution Electrocutio...' | desc_wiki_artifact (File:): 'Kapikulu moves to the northern edge of the arena and pulls all players to him, wrapping everyone in ribbons and inflicting File:Fetters icon2.png Fett...' | desc_truncated: 'Kapikulu moves to the northern edge of the arena and pulls all players to him, wrapping everyone in ribbons and inflicting File:Fetters icon2.png Fett...' | desc_truncated: 'The second cast of Spin Out will also have the boss use this attack. Kapikulu leaps to the opposite edge of the arena and fires a wide line attack dir...' | desc_truncated: 'Several yellow and green ropes will descend from the ceiling. Kapikulu will tether to one of the ropes, causing an orb to fall from all other ropes of...'"
"amaurot","3","boss_no_mnemonic: Therion | boss_no_mnemonic: The Construct | boss_no_mnemonic: Hythlodaeus"
"anamnesis_anyder","3","boss_no_mnemonic: Forgiven Trespass | boss_no_mnemonic: Phoebe | boss_no_mnemonic: Forgiven Lacrymose"
"antitower","5","desc_truncated: 'The boss will begin singing, turning two players (the healer and one DPS) into frogs which will prevent them from attacking, while continually spawnin...' | desc_truncated: 'The system message ""Ziggy takes careful aim"" and the boss tethers one player and marks them with a crosshair. The targeted player should hide behind a...' | desc_truncated: 'Targets a player with a red eye above their head and strikes them with large untelegraphed frontal cone. Causes confusion if hit. This attack can be a...' | desc_truncated: 'The boss summons three purple barriers, leaving one side empty. The boss will only be vulnerable to attacks from the empty side. Hitting it from a pro...' | desc_truncated: 'Transforms two players into dolls (Calca and Brina) that also inflicts a bleeding Bleeding damage-over-time. The dolls will use donut and conal AoE at...'"
"aurum_vale","8","desc_wiki_artifact (File:): 'is an instant ability that places a damage over time debuff named File:Gold lung icon1.png Gold Lung on all players. This effect stacks. The debuff ca...' | desc_truncated: 'is an instant ability that places a damage over time debuff named File:Gold lung icon1.png Gold Lung on all players. This effect stacks. The debuff ca...' | desc_truncated: 'is a rectangular laser fired from the eye of Coincounter onto a random player. The player will take moderate amount of damage and become inflicted wit...' | desc_wiki_artifact ({{): 'is a frontal cone AoE spell that inflicts the debuffs paralysis Paralysis, silence Silence, poison Poison, blind Blind, slow Slow, {{status effect|deb...' | desc_truncated: 'is a frontal cone AoE spell that inflicts the debuffs paralysis Paralysis, silence Silence, poison Poison, blind Blind, slow Slow, {{status effect|deb...' | desc_wiki_artifact (File:): 'is an ability that deals a small amount of damage and adds one stack of File:Burrs.png Burrs on a random player.' | desc_wiki_artifact (File:): 'is an ability that inflicts the player with the debuff File:Burrs.png Burrs and deals small amount of damage per stack of Burrs already on the player....' | desc_truncated: 'is an ability that inflicts the player with the debuff File:Burrs.png Burrs and deals small amount of damage per stack of Burrs already on the player....'"
"a_relic_reborn_the_chimera","1","mnemonic_no_zh: '3）Gelid Charge'"
"a_relic_reborn_the_hydra","1","mnemonic_no_zh: '3）Fear Itself'"
"baelsars_wall","1","desc_truncated: 'Multiple swords rain down around the arena, damaging to nearby players. After finishing the cast, the boss does a room-wide AoE, and the swords become...'"
"battle_in_the_big_keep","13","mnemonic_no_zh: '3）Dragonstrike' | desc_truncated: 'Used by Gilgamesh. Marks a random player with a crosshair. After a few seconds, he will shoot a missile at the target, which deals damage in an area a...' | desc_wiki_artifact (File:): 'Used by Gilgamesh. Two players will be tethered together and debuffed with File:Minimum icon1.png Minimum, making them tiny and forcing them to deal l...' | desc_truncated: 'Used by Gilgamesh. Two players will be tethered together and debuffed with File:Minimum icon1.png Minimum, making them tiny and forcing them to deal l...' | desc_wiki_artifact (File:): 'Used by Gilgamesh. Random players will be transformed into File:Chicken icon1.png Chickens for ~25 seconds and be unable to use any skills or abilitie...' | desc_truncated: 'Used by Gilgamesh. Random players will be transformed into File:Chicken icon1.png Chickens for ~25 seconds and be unable to use any skills or abilitie...' | desc_truncated: 'A wind puddle AoE randomly placed around the arena. These stay for quite a long time and multiples can appear. Standing in one will cause the player t...' | desc_truncated: '<ref>This attack name is both a pun on Bradamante (Nael van Darnus' gunhalberd) and a reference to [https://finalfantasy.fandom.com/wiki/Excalipoor_(w...' | desc_truncated: 'A roomwide AoE that deals moderate damage. Can be avoided if players are standing on the slightly raised parts of the arena (won't have the light glow...' | desc_truncated: 'Multiple crisscrossing white line AoEs will form, with squares of safe spots beneath them. Immediately after, additional crisscrossing line AoEs will ...' | desc_truncated: 'Used after Gilgamesh reaches 90%. Chains a random player (generally a healer?) to the boss, ensnaring them and preventing the use of actions and movem...' | desc_truncated: 'Frontal multihit cleave attack on the MT. Basically a tankbuster. Other players should avoid standing in front; the MT can also just walk behind the b...' | desc_truncated: 'Multiple purple orbs will spawn in either the center or in a ring around the edge of the arena. Players will need to move to dodge these, and then imm...'"
"battle_on_the_big_bridge","6","mnemonic_no_zh: '3）Whirlwinds' | desc_truncated: '<ref>This attack name is both a pun on Bradamante (Nael van Darnus' gunhalberd) and a reference to [https://finalfantasy.fandom.com/wiki/Excalipoor_(w...' | desc_wiki_artifact (File:): 'A random player will be turned into a File:Toad icon1.png Toad for 20 seconds causing ""Transformed into a toad and unable to execute actions."". Will b...' | desc_truncated: 'A random player will be turned into a File:Toad icon1.png Toad for 20 seconds causing ""Transformed into a toad and unable to execute actions."". Will b...' | desc_wiki_artifact (File:): 'Player will be File:Minimum icon1.png mini'd for 20 seconds with a heavy Heavy debuff. Gilgamesh will chase them and use Bitter End repeatedly.' | desc_truncated: 'Deals moderate damage and applies a confused Confused (Status Effect) debuff, which will cause the afflicted player to attack the nearest party member...'"
"binding_coil_of_bahamut_-_turn_1","2","desc_bad_start: '.；依預兆走位處理。' | desc_bad_start: ', bringing the slimes down to ~20% health before pulling them into range of Caduceus.'"
"binding_coil_of_bahamut_-_turn_2","2","mnemonic_no_zh: '1）ADS：Node' | desc_bad_start: ', but all six Nodes can be killed if the party chooses.'"
"binding_coil_of_bahamut_-_turn_3","1","boss_no_mnemonic: Jumping Puzzle + ADS"
"binding_coil_of_bahamut_-_turn_5","1","boss_no_mnemonic: Twintania"
"brayfloxs_longstop","3","desc_truncated: 'Brayflox will then go to a random party member for the boss to use Burning Cyclone on, which does light-moderate damage in a cleave to the player. Thi...' | desc_truncated: 'the boss will target a random party member and encase them in a Queer Bubble add, inflicting bind Bind, Physical Damage Down (decreases the player's p...' | desc_truncated: 'four small circular AoEs that appear around the arena. Will spawn poisonous pods that will grow in size and eventually explode in wider AoEs. Inflicts...'"
"brayfloxs_longstop_hard","3","desc_bad_start: ', a small casted AoE centred around itself, which will cause the puddles to explode, dealing damage to any player standing within the puddles of cerul...' | desc_truncated: ', a small casted AoE centred around itself, which will cause the puddles to explode, dealing damage to any player standing within the puddles of cerul...' | desc_truncated: '** At around 75%, 50%, and 25% HP, the boss will start circling the room's outer perimeter and become un-targetable, dealing damage to players within ...'"
"castrum_marinum","1","boss_no_mnemonic: The Emerald Weapon"
"castrum_marinum_extreme","1","boss_no_mnemonic: The Emerald Weapon"
"castrum_meridianum","4","mnemonic_truncated: '1）B1 The Black Eft：Incendiary Support / Request Assistance / Magitek Cannon' | desc_truncated: 'A sequence of a large line AoE down the center of the arena followed by 6 circle AoEs on the sides of it. Livia will cast this four times on various s...' | desc_truncated: 'Circular AoE attack that is done at the same time as 6 other AoEs on the outside of the arena, leaving two safe areas on opposite edges. This is follo...' | desc_truncated: '8 line AoEs will go off in the middle of the arena, followed by four flare markers on the edge. Players must move in between two of the line AoEs and ...'"
"cinder_drift","1","boss_no_mnemonic: The Ruby Weapon"
"cinder_drift_extreme","1","boss_no_mnemonic: The Ruby Weapon"
"cloud_deck","1","boss_no_mnemonic: The Diamond Weapon"
"cloud_deck_extreme","1","boss_no_mnemonic: The Diamond Weapon"
"clyteum","4","desc_truncated: 'The boss will walk to the north wall, receive a temporary directional disregard Directional Disregard, and spawn a moving red conal AoE telegraph. The...' | desc_truncated: 'Your foe is scanning for moving targets! Spawns an unavoidable line AoE that will sweep across the arena. When within the AoE, players will be inflict...' | desc_truncated: 'The boss will begin spinning, indicating a late-telegraphed line AoE in front of it. It will then become untargetable and roll around the arena outsid...' | desc_truncated: 'The boss takes control of all adds and lifts them airborne. They will rotate around the arena until the cast bar fills, then use their respective atta...'"
"containment_bay_p1t6","8","mnemonic_no_zh: '3）Blue Meteors' | desc_truncated: 'is a giant donut AoE emitted from Sophia with a safe spot just inside her hitbox. If players are far enough away, it can also be avoided by standing a...' | desc_bad_start: ', the lower-half of Sophia, will occasionally disappear from beneath her and materialize at the edges of the arena. After doing so, it will charge up ...' | desc_truncated: ', the lower-half of Sophia, will occasionally disappear from beneath her and materialize at the edges of the arena. After doing so, it will charge up ...' | desc_truncated: 'is much like the Daughter attack used by her lower half. Sophia herself will move to the eastern or western edge of the arena and charge a huge straig...' | desc_truncated: 'is a Paladin-based add that utilizes AoE attacks and a directional parry. Players who attack the wrong side during the parry-mechanic will be knocked ...' | desc_truncated: 'is a Healer-based add which will heal the other adds and also uses a gaze mechanic to confuse any players looking directly at it. Ideally, this add sh...' | desc_truncated: 'is a Lancer-based add that will eventually drop a persistent ice puddle on the ground at its current position. Ideally, this add should be positioned ...'"
"containment_bay_p1t6_extreme","5","mnemonic_truncated: '3）Horizontal Kenoma' | desc_bad_start: '.；依預兆走位處理。' | desc_bad_start: '.；依預兆走位處理。' | desc_bad_start: ', which can only be cured by defeating all three Demiurges.' | desc_wiki_artifact ({{): 'Gain's a {{status effect|debuff|File:Directional parry icon1.'"
"containment_bay_s1t7_extreme","5","mnemonic_truncated: '1）Sephirot：Ratzon' | mnemonic_truncated: '2）Triple Trial / Ein Sof' | mnemonic_no_zh: '3）Ein Sof Ohr' | desc_bad_start: '.；依預兆走位處理。' | desc_bad_start: ', dealing unavoidable party-wide damage depending on which type died.'"
"containment_bay_z1t9","10","mnemonic_no_zh: '3）Tyrfing' | desc_truncated: 'is a frontal cleave that periodically targets the main tank. Due to this, the main-tank should make sure that Zurvan is faced away from the group unti...' | desc_truncated: 'will occur shortly after Zurvan has leapt from the arena using Soar. At first, two players are targeted by waves of circular AoEs that will follow the...' | desc_truncated: 'is cast immediately after Flaming Halberd at a random Healer, assuming one is alive. This is a basic stack-mechanic where players should group up to a...' | desc_truncated: 'is a persistent AoE puddle centred on the boss (about the size of Zurvan's hitbox) which will inflict damage and slow the movement of anyone who stand...' | desc_truncated: 'will cause multiple AoE's to target random players. Ideally, players should stack up so that these AoE's land on top of each other, providing more spa...' | desc_truncated: 'is a massive donut AoE, centred on Zurvan, that is cast immediately after Southern Cross. To avoid this attack, players must remain close to Zurvan hi...' | desc_truncated: 'is a huge AoE cast straight after Ciclicle which is centred on Zurvan while he is in the middle of the room. To avoid this, players must move to the o...' | desc_truncated: 'contains two Execrated Will, which should be picked up by the tanks, and one Execrated Wit (caster add) which should be focused down by the rest of th...' | desc_truncated: 'will begin descending around the arena in a triangular pattern, displayed as red or white. Players that were marked by Infinite Fire should stand with...'"
"copperbell_mines","2","desc_truncated: 'Kottos will jump to 3 areas, causing a massive circle AoE to appear at the location. Players should move to the small safe spot at the edge of the are...' | desc_truncated: 'The boss will recenter and cast a circle AoE in the center along with 5 more on the outside of the arena. Players should move into the safe spots in b...'"
"crown_of_the_immaculate","1","boss_no_mnemonic: Innocence"
"crown_of_the_immaculate_extreme","1","boss_no_mnemonic: Innocence"
"cutters_cry","4","desc_truncated: 'is the strongest add. It has an AoE frontal cone ability, Mandible Bite, that damages all targets caught within. The Marshal can also use an ability n...' | desc_truncated: 'is used by the Worm when it is burrowed. It appears as a whirlwind on the ground, does small amount of damage and pulls all party members towards its ...' | desc_truncated: 'is a single-target ability used by the Worm. It inflicts a heavy sludge Sludge DoT (~200 HP per tick) on a player which should be removed as soon as p...' | desc_truncated: 'The Chimera will re-center itself and mark one player with an orange marker. It then sends out a purple ball of energy that travels to the target and ...'"
"dancing_plague","1","boss_no_mnemonic: Titania"
"dancing_plague_extreme","1","boss_no_mnemonic: Titania"
"dark_inside","1","boss_no_mnemonic: Zodiark"
"deltascape_v20","1","boss_no_mnemonic: Catastrophe"
"deltascape_v40","1","boss_no_mnemonic: Exdeath"
"doma_castle","3","boss_no_mnemonic: Magitek Rearguard | boss_no_mnemonic: Magitek Predator | boss_no_mnemonic: Hypertuned Grynewaht"
"dragons_neck","3","mnemonic_no_zh: '3）Snort' | desc_truncated: 'This time, Typhon goes to the center of the arena and deals a huge knockback, followed by 4 back-to-back casts of Snort that also deal knockback. Stay...' | desc_truncated: 'is used by Typhon late in the fight, and may require stalling as to not kill him too quickly. Alternatively, Typhon uses Snort more frequently in Lock...'"
"drowned_city_of_skalla","3","boss_no_mnemonic: Hrodvitnir | boss_no_mnemonic: Glaring Eye | boss_no_mnemonic: Goddess Skalla"
"dun_scaith","11","desc_truncated: 'or Arm's Length to negate the suction; it's best to use it after the first pull which allows you to casually saunter away from the center with plenty ...' | desc_wiki_artifact (</): '|| - Proximity markers</br>- Stand directly opposite of the proximity marker and take the damage.' | desc_truncated: '(no cast bar): Telegraphed trio of line AoE lasers. The boss will face a random direction for the first laser cast, then while remaining facing in tha...' | desc_truncated: 'Wings get big and do an hourglass aoe in the direction they are facing, get between the wings. She will always slap either her front left and back rig...' | desc_truncated: 'When the message ""Shadows gather on the floor"" appears and the room turns dark, stop all movement, otherwise shadows hands will grab you from below, s...' | desc_truncated: 'A proximity marker AoE will spawn somewhere. From it, a Connla add will spawn needs to be grabbed by an offtank and killed away from Scathach, if it g...' | desc_truncated: 'Circular red and black marker will be put on some players. Affected players should bait the orbs away from group by constantly moving away from other ...' | desc_truncated: 'link to a player and follows them, if it reaches the players it kills them. The tethered player can face the Shadow Limb to stop their movement. The L...' | desc_truncated: 'Periodically, a blue pool will appear at a random location. Shortly after, either an asterisk pattern of line telegraphs or a sequence of line telegra...' | desc_truncated: '- Heavy Tankbuster, does around 25k damage. Guaranteed crit at the start of the phase due to the boss's absorb shield, so tanks should use CDs and hea...' | desc_truncated: '- Stack marker & gaze attack originating from the marked player. This player should move slightly away from the boss, so everyone else can stand betwe...'"
"dying_gasp","1","boss_no_mnemonic: Hades"
"dzemael_darkhold","3","boss_no_mnemonic: All-seeing Eye | boss_no_mnemonic: Taulurd | boss_no_mnemonic: Batraal"
"euphrosyne","3","boss_no_mnemonic: Nophica | boss_no_mnemonic: Halone | boss_no_mnemonic: Menphina"
"fell_court_of_troia","3","boss_no_mnemonic: Scarmiglione | boss_no_mnemonic: Cagnazzo | boss_no_mnemonic: Barbariccia"
"final_coil_of_bahamut_-_turn_1","1","boss_no_mnemonic: Imdugud + Nael"
"final_coil_of_bahamut_-_turn_2","10","mnemonic_truncated: '1）Kaliya (Boss)：Seed of the Sea' | mnemonic_no_zh: '3）Barofield' | desc_bad_start: ', a Stack marker indicated by a red laser targeting a player.' | desc_bad_start: ', which falls on two random players excepting the main tank, both dealing 2500 damage in an AoE.' | desc_bad_start: ', which inflicts {{Status effect|debuff|File:InTheHeadlights.' | desc_wiki_artifact ({{): ', which inflicts {{Status effect|debuff|File:InTheHeadlights.' | desc_bad_start: '.' | desc_bad_start: '.' | desc_bad_start: ', which unlike other Area of Effect#Cleave, is an unmarked Tankbuster#Shared Tankbuster.' | desc_bad_start: '.'"
"final_coil_of_bahamut_-_turn_3","1","mnemonic_no_zh: '3）Bennu'"
"final_coil_of_bahamut_-_turn_4","12","mnemonic_truncated: '3）The Storm of Meracydia' | desc_truncated: '3-4 players are marked with ground AoEs. 3-4 other players will be hit with a splash damage AoE, and 2-4 players are marked for a beam that must be sp...' | desc_truncated: 'A heavy damage tankbuster. Requires mitigation to survive. Followed by three casts of Flare Breath so immediate heals afterwards or invulnerability ar...' | desc_truncated: 'Two players are marked with glowing brown arrows. After a short delay, the marked players will have repeated line AoE fired at them that hits anything...' | desc_truncated: 'Spawns after every Gigaflare or Rage of Bahamut. The first always spawns in the north side of the arena. If it gets too close to the boss, they will l...' | desc_truncated: 'Orbs will periodically spawn throughout the phase. Orbs tether to random players, moving slowly at first before speeding towards their target. If a pl...' | desc_truncated: 'Players should move to the center of the room immediately after the boss leaves the arena. It will appear at the edge of the arena and mark a random p...' | desc_truncated: 'A dragon with low health, but is shielded by either a Physical Damage Shield or a Magical Damage Shield. The type of shield it has swaps periodically....' | desc_truncated: 'A hard-hitting bipedal dragon that attacks with frontal cleaves and tail swipes. A tank should face this enemy 90-degrees away from the party so that ...' | desc_truncated: 'Small whelps that spawn in groups. Must be kept away from The Pain else they will be absorbed, granting it health restoration and a damage up Damage U...' | desc_truncated: 'Large blue dragons that hit moderately hard, but function as a DPS check. 20 seconds after spawning, Sins will cast Evil Eye, which deals damage equal...' | desc_truncated: 'A large flying wyvern reminiscent of Twintania Similarly attacks with Death Sentence, a moderate damage tank-buster. Drops a Neurolink 2.0 puddle on t...'"
"final_day","1","boss_no_mnemonic: The Endsinger"
"fractal_continuum","4","desc_bad_start: ', a double conal AoE that fans out directly in front of and behind the boss, and then repeats on either side of the boss.' | desc_truncated: 'adds will periodically spawn occasionally along the edge of the arena; each will occupy a single square, infusing it with a debuff that damages any pl...' | desc_bad_start: '.；依預兆走位處理。' | boss_no_mnemonic: Phantom Ray"
"gilded_araya","4","mnemonic_no_zh: '3）Bladescatter' | desc_truncated: 'Spawns a point-blank AoE and multiple concentric ring AoE telegraphs, leaving narrow safe spots in between them. Later casts of this will include seve...' | desc_truncated: 'Asura telegraphs six sequential half-room cleaves, cleaving either her north, west, or east, and traveling in a clockwise or counterclockwise pattern....' | desc_truncated: 'Divides the arena into a red half and blue half while summoning either a red or blue mask. Go to the opposite floor color as the mask, because the sam...'"
"gilded_araya_2","4","mnemonic_no_zh: '3）Bladescatter' | desc_truncated: 'Spawns a point-blank AoE and multiple concentric ring AoE telegraphs, leaving narrow safe spots in between them. Later casts of this will include seve...' | desc_truncated: 'Asura telegraphs six sequential half-room cleaves, cleaving either her north, west, or east, and traveling in a clockwise or counterclockwise pattern....' | desc_truncated: 'Divides the arena into a red half and blue half while summoning either a red or blue mask. Go to the opposite floor color as the mask, because the sam...'"
"grand_cosmos","3","boss_no_mnemonic: Servomechanical Chevalier | boss_no_mnemonic: Master Mathias | boss_no_mnemonic: Lugus"
"great_gubal_library_hard","3","boss_no_mnemonic: Demon of the Tome | desc_truncated: 'Hits each player with a tornado AoE. If you don't have heavyHeavy, each tornado you're clipped by deals damage, knocks you into the air, and inflictin...' | desc_truncated: 'Marks everyone with a purple marker, then hits each of them with an AoE. Used after On the Properties of Imps. If you are still an imp, each AoE you'r...'"
"halatali","4","desc_truncated: 'The water crackles with electricity! The boss will start charging electricity, giving a purple glow to the entire pool of water. Retreat to the dirt s...' | boss_no_mnemonic: Pit Peiste | desc_truncated: 'Tangata calls upon spirits of flame! At around 80% health, the boss gains a fire shield that makes it invulnerable. Two torches will light up and star...' | desc_truncated: 'Multi-stage AoE that starts as a circle, then two concentric donuts. Stand outside the initial circle, then when it goes off, move into it to avoid th...'"
"haukke_manor","3","boss_no_mnemonic: Manor Claviger | boss_no_mnemonic: Manor Steward | boss_no_mnemonic: Lady Amandine"
"haukke_manor_hard","3","boss_no_mnemonic: Manor Jester | boss_no_mnemonic: Ash | boss_no_mnemonic: Halicarnassus"
"hells_lid","3","boss_no_mnemonic: Genbu | boss_no_mnemonic: Magatsu Tako | boss_no_mnemonic: Hakutaku"
"hell_on_rails","1","boss_no_mnemonic: Doomtrain"
"hell_on_rails_extreme","1","boss_no_mnemonic: Doomtrain"
"heroes_gauntlet","3","boss_no_mnemonic: Spectral Berserker | boss_no_mnemonic: Spectral Thief | boss_no_mnemonic: Black Star"
"holminster_switch","3","boss_no_mnemonic: Forgiven Dissonance | boss_no_mnemonic: Tesleen the Forgiven | boss_no_mnemonic: Philia"
"hullbreaker_isle","3","boss_no_mnemonic: Sasquatch (Boss) | boss_no_mnemonic: Sjoorm | boss_no_mnemonic: Kraken (Hullbreaker Isle)"
"hullbreaker_isle_hard","8","mnemonic_no_zh: '5）B5 Ymir：' | boss_no_mnemonic: Sanguine Sirens Targirl | desc_truncated: '- makes the arena slippery for a few seconds, then marks players with an ice flag and a circle. Each marker will drop an Iceberg at the spot where it ...' | desc_truncated: '- All players will be inflicted with an un-Esunable poison Poison, and then several chests will appear. Chests containing a blue potion will cure one ...' | desc_truncated: '- A player is marked with a crosshair and inflicted with a severe heavy Heavy before the boss targets them with a high-damage AoE. The heavy needs to ...' | desc_truncated: '- The boss will spawn these around the arena, and then begin targeting them. After a few seconds, a targeted keg will explode, causing massive damage ...' | boss_no_mnemonic: Battle Coeurl | boss_no_mnemonic: Ymir"
"interphos","1","boss_no_mnemonic: Queen Eternal"
"jade_stoa_extreme","1","boss_no_mnemonic: Byakko"
"jeuno_the_first_walk","22","mnemonic_truncated: '3）B3 Shadow Lord：Giga Slash / Umbra Smash / Implosion' | desc_truncated: 'Prishe readies to strike... Prishe will tether a point on the ground which will have three different colored concentric circles (yellow, orange, purpl...' | desc_truncated: 'Summons two yellow rods on the arena, each of which will have three yellow arrows extending from it, denoting the locations of circle AoEs that will t...' | desc_wiki_artifact (File:): 'Spread marker AoEs on random players, dealing magical damage and inflicting File:Light resistance down icon2.png Elemental Resistances, making overlap...' | desc_truncated: 'Spread marker AoEs on random players, dealing magical damage and inflicting File:Light resistance down icon2.png Elemental Resistances, making overlap...' | desc_truncated: 'A telegraphed irregular AoE in which Prishe will spawn spikes covering most of the arena except for L-shaped regions on two opposite corners and an re...' | desc_truncated: 'Prishe readies to strike... Each player will be knocked up and back from Prishe's location, denoted by the three different colored trajectories. For v...' | desc_wiki_artifact (File:): 'Each targetable boss will tether all members of a different alliance and give one of File:Epic hero icon.png Epic Hero, File:Fated hero icon.png Fated...' | desc_truncated: 'Each targetable boss will tether all members of a different alliance and give one of File:Epic hero icon.png Epic Hero, File:Fated hero icon.png Fated...' | desc_truncated: 'GK summons two sets of crisscrossing ice line AoEs (Tachi: Yukikaze), one pink flower AoE (Tachi: Kasha) that will expand, and an orb with a gaze mark...' | desc_truncated: 'MR will spawn three conal AoEs that will rotate in the direction of the arrows. This is followed by Spiral Finish, a radial knockback that can be prev...' | desc_truncated: 'GK will tether a healer from each alliance and give them a stack marker. He will then jump on each for split physical damage. These inflict piercing r...' | desc_truncated: 'EV inflicts magical raidwide damage. This will also summon multiple orbs of light that will sink into the ground, leaving pulsating AoEs. Anyone who t...' | desc_truncated: 'HM will summon four clones of himself, each of which will tether a random player and give then a running marker. HM will then cast Mighty Strikes, giv...' | desc_truncated: 'The Shadow Lord readies his blade... Shadow Lord will spawn two sweeping sword markers in sequence, each leaving a empty area. These denote late teleg...' | desc_truncated: 'The Shadow Lord concentrates energy in the palms of his hands... Shadow Lord spawns two semicircular AoE telegraphs, wielding an orb on each hand. One...' | desc_truncated: 'Magical raidwide damage and transitions the arena into four smaller circular platforms connected by pathways in a square formation. The rest of the ro...' | desc_truncated: 'A horizontal or vertical purple line will spawn on one edge of the arena, telegraphing a bi-directional knockback. Position to be knocked back safely ...' | desc_truncated: 'Line AoE physical tankbuster on all 3 tanks. Immediately followed by spread marker AoEs on random players (Nova) that inflict magical damage and magic...' | desc_truncated: 'Summons three sets of pink circle AoE telegraphs that appear and disappear, indicating the order in which they resolve. Anyone hit will be inflicted w...' | desc_truncated: 'Summons three stack marker AoEs on top of towers. Each alliance should take one. Shadow Lord will trap one player per alliance in a bubble, then knock...' | desc_truncated: 'A long cast that will inflict high magical raidwide damage and a 15-second bleeding Bleeding. Will also grant Shadow Lord a damage up 2 Damage Up stac...'"
"keeper_of_the_lake","3","boss_no_mnemonic: Einhander | boss_no_mnemonic: Magitek Gunship | boss_no_mnemonic: Midgardsormr (Enemy)"
"ktisis_hyperboreia","3","boss_no_mnemonic: Lyssa | boss_no_mnemonic: Ladon Lord + Hippokampos | boss_no_mnemonic: Hermes"
"kugane_castle","3","boss_no_mnemonic: Zuiko-maru | boss_no_mnemonic: Dojun-maru | boss_no_mnemonic: Yojimbo"
"labyrinth_of_the_ancients","4","boss_no_mnemonic: Bone Dragon | boss_no_mnemonic: Thanatos | boss_no_mnemonic: King Behemoth | boss_no_mnemonic: Phlegethon"
"lapis_manalis","3","boss_no_mnemonic: Albeleo | boss_no_mnemonic: Galateia Magna | boss_no_mnemonic: Cagnazzo"
"lost_city_of_amdapor","3","boss_no_mnemonic: Decaying Gourmand | boss_no_mnemonic: Arioch | boss_no_mnemonic: Diabolos"
"lost_city_of_amdapor_hard","3","boss_no_mnemonic: Achamoth | boss_no_mnemonic: Winged Lion | boss_no_mnemonic: Kuribu"
"lunar_subterrane","3","boss_no_mnemonic: Durante | boss_no_mnemonic: Antifaesia | boss_no_mnemonic: Golbez (Archfiend)"
"malikahs_well","3","boss_no_mnemonic: Hanbi | boss_no_mnemonic: Lugat | boss_no_mnemonic: Anzu"
"matoyas_relict","3","boss_no_mnemonic: Lord Master Pendragon | boss_no_mnemonic: Porxie | boss_no_mnemonic: Mother Porxie"
"memoria_misera_extreme","1","boss_no_mnemonic: Varis yae Galvus"
"meso_terminal","1","boss_no_mnemonic: Meso Terminal Boss"
"minstrels_ballad_endsingers_aria","1","boss_no_mnemonic: The Endsinger"
"minstrels_ballad_hadess_elegy","1","boss_no_mnemonic: Hades"
"minstrels_ballad_hydaelyns_call","1","boss_no_mnemonic: Hydaelyn"
"minstrels_ballad_necrons_embrace","1","boss_no_mnemonic: Necron"
"minstrels_ballad_nidhoggs_rage","10","mnemonic_no_zh: '3）Super Jump' | desc_truncated: 'Creates cuts in the ground under 4-8 players that open into AoEs reminiscent of eyes. After 3 seconds, the puddles will explode, dealing high damage t...' | desc_truncated: 'Nidhogg appears at a random edge of the arena before diving across in straight line, dealing massive damage to any players caught in its wake. This at...' | desc_truncated: 'A straight AoE attack from Nidhogg's head and tail, passing through his center. Inflicts moderate damage and a Supperation DoT to anyone it hits. Stan...' | desc_truncated: 'Groups of flame orbs will appear around the room in sequences of two or three. After 15 seconds they will explode in a + shape, dealing massive damage...' | desc_truncated: 'A physical-damage tank-buster that deals massive damage to the main target, encouraging the use of mitigation skills. Not to be confused with Akh Morn...' | desc_truncated: 'An AoE targeting multiple non-tank players, indicated by purple markers above their heads. After 5 seconds, marked players will be hit by moderate dam...' | desc_truncated: 'Interceptable purple tethers that will attach to one (phase 3) or both (phase 4) healers. After 10 seconds, these tethers will explode for major AoE d...' | desc_truncated: 'Four tower markers spawn around the center of the arena. Towers must have a player standing in them or else the party will likely wipe. Deals moderate...' | desc_truncated: 'Places a flare marker at the location of a High Jump, dealing damage to players based on their proximity to its epicenter. Place High Jumps at the edg...'"
"minstrels_ballad_sphenes_burden","1","boss_no_mnemonic: Queen Eternal"
"minstrels_ballad_thordans_reign","6","desc_truncated: 'A 20 second cast that deals damage based on Ser Zephirin's remaining health. Functions as a DPS check — deal as much damage to Ser Zephirin as possibl...' | desc_truncated: 'Grants one knight Sword of the Heavens and the other Shield of the Heavens. If these buffs are already active, the knights will instead swap their buf...' | desc_truncated: 'Places a black AoE underneath every player that will grow over time. Explodes after 6 seconds. Can be simplified by stacking together prior, ensuring ...' | desc_truncated: 'Four random players will be marked. Four comets will drop on these players, dealing minor damage in a small AoE around them. Do not stand near these p...' | desc_wiki_artifact ({{): 'One healer will be marked with a green marker. This player will be {{status effect|down for the count}} Down for the Count and given two stacks of {{s...' | desc_truncated: 'One healer will be marked with a green marker. This player will be {{status effect|down for the count}} Down for the Count and given two stacks of {{s...'"
"minstrels_ballad_zodiarks_fall","1","boss_no_mnemonic: Zodiark"
"mistwake","3","boss_no_mnemonic: Treno Catoblepas | boss_no_mnemonic: Amdusias | boss_no_mnemonic: Thundergust Griffin"
"mothercrystal","1","boss_no_mnemonic: Hydaelyn"
"mount_ordeals","1","boss_no_mnemonic: Rubicante"
"mount_ordeals_extreme","1","boss_no_mnemonic: Rubicante"
"mt_gulg","3","boss_no_mnemonic: Forgiven Cruelty | boss_no_mnemonic: Forgiven Whimsy | boss_no_mnemonic: Forgiven Obscenity"
"navel_hard","3","boss_no_mnemonic: Main Scenario Quest | boss_no_mnemonic: Sidequest | desc_truncated: 'is an ability that spawns numerous bombs around the boss room that will eventually explode in the order they dropped, dealing heavy damage to nearby p...'"
"neverreap","3","boss_no_mnemonic: Nunyenunc | boss_no_mnemonic: Canu Vanu | boss_no_mnemonic: Waukkeon"
"orbonne_monastery","4","boss_no_mnemonic: Mustadio | boss_no_mnemonic: Agrias | boss_no_mnemonic: Cidolfus Orlandeau | boss_no_mnemonic: Ultima"
"paglthan","3","boss_no_mnemonic: Atrociraptor | boss_no_mnemonic: Magitek Predator | boss_no_mnemonic: Magitaur"
"pharos_sirius","12","mnemonic_no_zh: '3）B3 Tyrant：' | mnemonic_truncated: '4）B4 Siren (boss)：Deathly Verse / Song of Torment / Deathly Cadenza' | mnemonic_no_zh: '5）B5 Siren：' | desc_truncated: 'makes either 1 or 2 large circular puddles on the ground. The puddle(s) will expand 2 times, and touching them will give a Corrupting Crystal stack. I...' | desc_bad_start: ', as this will destroy multiple eggs at once.' | desc_bad_start: '.' | boss_no_mnemonic: Tyrant | desc_truncated: 'inflicts a player with charm Siren Song. Healers have 12 seconds to heal them to full HP, or they will become confused confused and attack fellow part...' | desc_truncated: 'Applies a bleeding Bleeding debuff to the tank. This debuff can be removed with Esuna. This cast can also be interrupted if one reacts quickly, but it...' | desc_truncated: 'Large donut AoE at the center of the room. Anyone hit by this will get the charm Siren Song debuff. Stay in the center of the arena (the circle of met...' | desc_truncated: 'Applies reduced immunity Reduced Immunity, which reduces healing received, to all players. The cast can be interrupted, and the debuff can be removed ...' | boss_no_mnemonic: Siren"
"praetorium","3","mnemonic_truncated: '1）B1 Mark II Magitek Colossus：Ceruleum Vent / Prototype Laser Alpha / Prototype Laser Beta' | desc_truncated: 'Summons a Magitek Death Claw that tethers to one player and slowly moves towards them, knocking player back when it gets to them. The players not teth...' | desc_truncated: 'Copies of Gaius will appear on the long side of the arena and each cast Terminus Est, marked by flaming Xs. Players should move out of the way of thei...'"
"puppets_bunker","3","boss_no_mnemonic: Aegis Unit | boss_no_mnemonic: Heavy Artillery Magitek Unit | boss_no_mnemonic: Compound Aegis"
"qitana_ravel","3","boss_no_mnemonic: Lozatl | boss_no_mnemonic: Batsquatch | boss_no_mnemonic: Eros"
"ridorana_lighthouse","4","boss_no_mnemonic: Famfrit | boss_no_mnemonic: Belias | boss_no_mnemonic: Construct 7 | boss_no_mnemonic: Yiazmat"
"san_doria_the_second_walk","29","desc_truncated: 'The kirin tethers both arms and spawns two line AoE telegraphs that run north to south. After these initial AoEs resolve, they will be transferred ove...' | desc_truncated: 'The kirin will tether an arm and spawn a circle AoE telegraph to its left or right, based on the cast. This is followed with a late telegraphed massiv...' | desc_truncated: '/ Double Wringer / Smiting (Left/Right) Sequence: The boss will display two AoE telegraphs originating from it (lines, centered point-blank, off-cente...' | desc_truncated: '***If the AoE sequence is point-blank then lines, players would first move away from the boss, then go east-west in max melee range, and finally the m...' | desc_truncated: 'The AoE sequence is an offset circle AoE followed by a point-blank AoE. Dodge circle, then be away from both the boss and the first tethered, arm, the...' | desc_truncated: 'Four tankbuster towers will spawn. Alxaal will take one, meaning that the remaining 3 tanks will each need to take one. Each tank will receive the Fil...' | desc_truncated: 'Both hand adds become targetable, while raid-wide damage (Shockwave) periodically pulses. Both Chiseled Arms must be destroyed before this cast finish...' | desc_truncated: 'Ultima will use a telegraphed draw-in attack. Players should go to the opposite side of the arena to avoid being pushed off or use knockback immune. A...' | desc_truncated: 'Omega will flash three sets of red rectangular regions on the arena, indicating the location of AoEs, then execute the attacks. Immediately followed u...' | desc_truncated: 'Ultima will spawn a mirror panel on the arena at a 45 degree angle. It will then use an Energy Orb that hits the mirror, resulting in a follow-up line...' | desc_wiki_artifact (File:): 'Omega will give random players a 9-second File:Projection locus icon.png Projection Locus debuff. These players will flash a red circle AoE telegraph ...' | desc_truncated: 'Omega will give random players a 9-second File:Projection locus icon.png Projection Locus debuff. These players will flash a red circle AoE telegraph ...' | desc_truncated: 'Jump from the airship before it's reduced to ash! Ultima will forcibly pull all players towards it, briefly stun then, and both bosses will become unt...' | desc_truncated: 'Ultima will sequentially spawn four proximity AoE telegraphs, one near each corner of the arena, in a clockwise or counterclockwise fashion. Rotate wi...' | desc_truncated: 'Kam'lanaut will spawn a small point-blank AoE under him that will leave behind a persistent puddle, inflicting Bleeding Bleeding to anyone who steps i...' | desc_truncated: 'Spawns one of two patterns of elemental AoEs. The telegraphs matching the elements from previous Elemental Blade attack will enlarge significantly, so...' | desc_truncated: 'Telegraphed line AoE through Kam'lanaut and spawns numerous Sublime Estoc (sword) adds in it, pointing in one of two directions. Each sword will use a...' | desc_truncated: 'Telegraphed point-blank AoE. Kam'lanaut will rotate to face a new direction and immediately follow with a late telegraphed 180 degree frontal cleave, ...' | desc_truncated: 'Kam'lanaut will spawn three sets of expanding elemental circles originating from him. When the circle touches a crystal matching its element, the crys...' | desc_truncated: 'Kam'lanaut will spawn three untargetable clones of himself, each of which will use a late telegraphed line AoE (Illumed Estoc) roughly through where t...' | desc_truncated: 'Telegraphed radial knockback from the center, dealing physical damage. All players should either use knockback immune or position to be knocked back t...' | desc_truncated: 'Similar to before, but Kam'lanaut now imbues three instead of two elements, causing three AoE telegraphs to enlarge. For the cones pattern, only one s...' | desc_truncated: 'Will spawn only two clones, but their line AoEs will both intersect his hitbox and cover two of the three prongs, so be out of it and position for the...' | desc_truncated: 'Five hits of magical raid-wide damage, places down red circle AoE telegraphs at various locations, and gives random players spread marker AoE telegrap...' | desc_truncated: 'Two red circles will spawn on the ground, one directly below the boss, and one on a random corner, indicating where Eald'narche will teleport to. Afte...' | desc_truncated: 'Spread marker AoEs on random players dealing magical damage and leaving behind crystal puddles that will detonate as late-telegraphed follow up AoEs o...' | desc_truncated: 'Spawns two plus telegraph tiles. However, one of the tiles will also be linked with the hole in the arena. The plus telegraph and the tile it is on wi...' | desc_truncated: 'Eald'narche will forcibly draw one player towards them and imprison them in a crystal, making them the target of a stack marker AoE dealing magical da...' | desc_truncated: 'Spawns several AoE telegraphs—multiple circle AoEs and a line AoE covering three tiles. In addition, either a proximity AoE in the middle or a draw-in...'"
"sastasha","3","boss_no_mnemonic: Chopper | boss_no_mnemonic: Captain Madison | boss_no_mnemonic: Denn the Orcatoothed"
"seat_of_sacrifice","1","boss_no_mnemonic: The Warrior of Light"
"seat_of_sacrifice_extreme","1","boss_no_mnemonic: The Warrior of Light"
"second_coil_of_bahamut_-_turn_1","3","desc_bad_start: '.' | desc_bad_start: '.' | desc_truncated: 'is cast, any Dark Matter Bulbs on the outside edge of the arena should be ignored, while ones in the center of the arena should be killed <u>immediate...'"
"second_coil_of_bahamut_-_turn_2","1","mnemonic_no_zh: '3）Renaud'"
"second_coil_of_bahamut_-_turn_3","1","boss_no_mnemonic: The Avatar"
"second_coil_of_bahamut_-_turn_4","4","mnemonic_no_zh: '3）Green Comet' | desc_bad_start: '.' | desc_bad_start: '.' | desc_bad_start: '.'"
"second_coil_of_bahamut_savage_-_turn_1","3","desc_bad_start: '.' | desc_bad_start: '.' | desc_truncated: 'is cast, any Dark Matter Bulbs on the outside edge of the arena should be ignored, while ones in the center of the arena should be killed <u>immediate...'"
"second_coil_of_bahamut_savage_-_turn_2","1","mnemonic_no_zh: '3）Renaud'"
"second_coil_of_bahamut_savage_-_turn_3","1","boss_no_mnemonic: The Avatar"
"second_coil_of_bahamut_savage_-_turn_4","4","mnemonic_no_zh: '3）Green Comet' | desc_bad_start: '.' | desc_bad_start: '.' | desc_bad_start: '.'"
"shisui_of_the_violet_tides","3","boss_no_mnemonic: Amikiri | boss_no_mnemonic: Ruby Princess | boss_no_mnemonic: Shisui Yohi"
"sigmascape_v10","1","boss_no_mnemonic: Phantom Train"
"sigmascape_v20","1","boss_no_mnemonic: Chadarnook"
"sigmascape_v30","1","boss_no_mnemonic: Guardian"
"sigmascape_v40","2","boss_no_mnemonic: Kefka | boss_no_mnemonic: God Kefka"
"skydeep_cenote","12","desc_wiki_artifact (File:): 'Gives each player a File:Nuisance icon.png Nuisance debuff with the combat message: You are cursed to be a nuisance to the party.... This debuff cause...' | desc_truncated: 'Gives each player a File:Nuisance icon.png Nuisance debuff with the combat message: You are cursed to be a nuisance to the party.... This debuff cause...' | desc_truncated: 'A telegraphed frontal conal AoE on a random player. Nuisance will cause each player will shoot a narrow untelegraphed conal AoE in front of them once ...' | desc_truncated: 'Feather Ray produces copious bubbles... Numerous bubbles will originate from the boss and slowly move out, requiring players to dodge. The arena will ...' | desc_truncated: 'A current from the east will shift all bubbles west by one position. Players will need to identify the empty spots considering the shift, because each...' | desc_wiki_artifact (File:): 'then Troublesome Tail are used again, giving everyone File:Nuisance icon.png Nuisance.' | desc_truncated: 'Spawns a blue mirror on one wall and a yellow orb on one corner. The boss will jump to a corner adjacent to the yellow orb and aim a telegraphed line ...' | desc_truncated: '(Maulskull draws power from its fists!): One of the boss' fists will begin glowing and make a sound effect, followed by the other one, indicating two ...' | desc_truncated: 'Spawns a blue knockback AoE circle at the north or the arena. Also gives each player a spread marker. Players will need to be knocked back leaning tow...' | desc_truncated: 'The boss summons a large purple cube and punches it, telegraphing three sets of circle AoE. During the third set, either one two green arrow telegraph...' | desc_truncated: 'A combination of Stonecarver half-room cleaves and Skullcrush knockback AoE (without the spread markers). Players will need to be knocked back safely ...' | desc_truncated: 'A blue knockback circle will spawn near a lower corner of the arena. In addition, a stack marker will spawn on a random player. The party will need to...'"
"smileton","3","boss_no_mnemonic: Tortured Tortoise | boss_no_mnemonic: The Face | boss_no_mnemonic: Mister Cheesington"
"snowcloak","6","mnemonic_truncated: '1）B1 Wandil：Cold Wave / Snow Drift / Hypothermal Combustion' | desc_wiki_artifact (File:): 'Summons AoE circles beneath each player. Inflicts a stack of File:Frozen icon1.png Frozen debuff.' | desc_wiki_artifact (File:): 'Deals unavoidable raid-wide damage. Inflicts a stack of File:Frozen icon1.png Frozen. Keep moving to negate the debuff.' | desc_wiki_artifact (File:): 'Arena wide AoE. Inflicts a stack of File:Frozen icon1.png Frozen.' | desc_truncated: 'Summons six untargetable snowballs, each with a point blank AoE. Yeti will breathe on one to two of the snowballs, increasing the size of the snowball...' | desc_truncated: 'Long-duration cast that will instantly knock out any players not hiding behind an icicle. The first time Lunar Cry is cast, you can hide behind any of...'"
"sohm_al_hard","2","desc_truncated: 'Charges in the direction of a target in a line AoE with massive knockback. Used instead of Wild Charge when the boss is buffed, and has the same teleg...' | desc_truncated: 'Randomly marks a party member for a moderate attack with splash damage. Will create lava puddles near point of impact, as well as expanding existing p...'"
"sohr_khai","2","desc_truncated: 'Poqhiraj jumps, becomes untargetable as one might expect, and prepares to land at one end of the corridor using a familiar proximity indicator from ea...' | desc_truncated: 'Hraesvelgr leaves the arena and performs a line AoE across the middle. On the edges, two moving circle AoEs will spawn, so the player must move back t...'"
"stigma_dreamscape","3","boss_no_mnemonic: Magrann | boss_no_mnemonic: Engels | boss_no_mnemonic: Lunar Bahamut"
"stone_vigil","2","mnemonic_truncated: '2）B2 Koshchei：Spiked Tail / Sonic Storm / Typhoon' | desc_truncated: 'is a frontal AoE cone attack that deals a moderate amount of damage and inflicts the debuffs silence Silence and pacification Pacification for 5 secon...'"
"stone_vigil_hard","1","boss_no_mnemonic: Giruveganaus"
"storms_crown","1","boss_no_mnemonic: Barbariccia"
"storms_crown_extreme","1","boss_no_mnemonic: Barbariccia"
"strayborough_deadwalk","10","desc_truncated: 'Spawns a floating head above each player's location. After a few seconds, the head will drop from its spawn location (in a small late telegraphed circ...' | desc_truncated: 'The dolls will begin running through the arena, aiming at certain players. Once each doll reaches the other side, it will run through the arena a seco...' | desc_truncated: 'Four exaflare AoE telegraphs will spawn in the middle, 90 degrees away from each other. This is followed by another set of exaflares in the previously...' | desc_truncated: 'A ghost appears, tethers, and possesses one teacup. Afterward, all of the tea cups will begin spinning multiple times, moving inwards and outwards to ...' | desc_truncated: 'A large blue portal will spawn at the north, indicating a line AoE leaving the sides safe. This attack repeats, summoning two portals at the sides (wi...' | desc_wiki_artifact (File:): 'Träumerei prepares a ward against spirits! Each player will be given a large spread AoE marker. If they are hit by this with File:Ghostly guise icon.p...' | desc_truncated: 'Träumerei prepares a ward against spirits! Each player will be given a large spread AoE marker. If they are hit by this with File:Ghostly guise icon.p...' | desc_truncated: 'Spawns multiple Stray Phantagenitrix at the north wall in two alternating groups. The first group will being floating up and charging a line AoE attac...' | desc_wiki_artifact (File:): 'Träumerei prepares a ward against the living! An attack that will instantly kill anyone without File:Ghostly guise icon.png Ghostly Guise. Players mus...' | desc_truncated: 'Träumerei prepares a ward against the living! An attack that will instantly kill anyone without File:Ghostly guise icon.png Ghostly Guise. Players mus...'"
"striking_tree_extreme","10","desc_wiki_artifact (File:): 'Will target two players: the furthest from the boss and a random player that is not top enmity, with an orange crosshair and then inflict File:Chaos i...' | desc_truncated: 'Will target two players: the furthest from the boss and a random player that is not top enmity, with an orange crosshair and then inflict File:Chaos i...' | desc_truncated: 'Random players and patches of ground will be marked with an AoE. Deals moderate damage and breaks Chaotic Strike. The water on the arena will also ele...' | desc_wiki_artifact (File:): 'The more orbs on the ground, the higher the damage of Ramuh's abilities. Touching an orb gives a stacking buff called File:Electroconductivity icon1.p...' | desc_truncated: 'The more orbs on the ground, the higher the damage of Ramuh's abilities. Touching an orb gives a stacking buff called File:Electroconductivity icon1.p...' | desc_wiki_artifact (File:): 'Untelegraphed AoE tankbuster on the highest enmity player. Will deal lethal damage unless the target has File:Surge protection icon1.png Surge Protect...' | desc_truncated: 'Untelegraphed AoE tankbuster on the highest enmity player. Will deal lethal damage unless the target has File:Surge protection icon1.png Surge Protect...' | desc_truncated: 'Six Grey Arbiter adds will appear around the arena. Players should immediately switch to them, halting DPS on the boss. They shoot lightning beams at ...' | desc_wiki_artifact (File:): 'Tethers 2 players together, inflicting File:Causality icon1.png Causality and File:Thunderclap icon2.png Thunderclap. Every action used inflicts damag...' | desc_truncated: 'Tethers 2 players together, inflicting File:Causality icon1.png Causality and File:Thunderclap icon2.png Thunderclap. Every action used inflicts damag...'"
"striking_tree_hard","8","desc_truncated: 'Random players and patches of ground will be marked with an AoE. Deals moderate damage and breaks Chaotic Strike. Ground Thunderstorms will leave behi...' | desc_wiki_artifact (File:): 'The more orbs on the ground, the higher the damage of Ramuh's abilities. Touching an orb gives a stacking buff called File:Electroconductivity icon1.p...' | desc_truncated: 'The more orbs on the ground, the higher the damage of Ramuh's abilities. Touching an orb gives a stacking buff called File:Electroconductivity icon1.p...' | desc_wiki_artifact (File:): 'Targets a random player and inflicts File:Terror icon1.png Terror on them for ~60s, preventing them from moving or executing actions. Can be freed wit...' | desc_truncated: 'Targets a random player and inflicts File:Terror icon1.png Terror on them for ~60s, preventing them from moving or executing actions. Can be freed wit...' | desc_truncated: 'Three Grey Arbiter adds will appear around the arena. Players should immediately switch to them, halting DPS on the boss. They shoot lightning beams a...' | desc_wiki_artifact (File:): 'Tethers 2 players together, inflicting File:Causality icon1.png Causality. Every action used inflicts damage to the player, with casts causing them to...' | desc_truncated: 'Tethers 2 players together, inflicting File:Causality icon1.png Causality. Every action used inflicts damage to the player, with casts causing them to...'"
"sunken_temple_of_qarn","1","desc_truncated: 'You have been afflicted with Doom... A room-wide AoE that will inflict everyone with a doom Doom (status effect) debuff on your entire party; the debu...'"
"sunken_temple_of_qarn_hard","3","boss_no_mnemonic: Damaged Adjudicator | boss_no_mnemonic: Sabotender Emperatriz | boss_no_mnemonic: Vicegerent to the Warden"
"syrcus_tower","7","mnemonic_truncated: '2）B2 Glasya Labolas：Deathstream / Spiral Spin / Hunter's Moon' | mnemonic_truncated: '4）B4 Xande：Aetherochemical Explosion / Ancient Quaga' | desc_bad_start: ', a high raidwide AoE damage attack.' | desc_truncated: 'is cast on a patch of ground under random players, and can overlap for massive damage and leaves an electrocution Electrocution DoT if hit, Firaga For...' | desc_truncated: ') which will tether to a player and cast mini Mini on them if it hits, at this time strong adds called Kum Kum will spawn which should be grabbed by t...' | desc_bad_start: ', which is the only mechanic in this fight that is likely to kill unsuspecting players.' | desc_bad_start: '.'"
"tamtara_deepcroft","1","mnemonic_truncated: '1）B1 Void Soulcounter：Enthunder / Dark Orb / Comdemnation'"
"temple_of_the_fist","3","boss_no_mnemonic: Ivon Coeurlfist | boss_no_mnemonic: Banh Thi | boss_no_mnemonic: Grand Master Globo"
"thaleia","3","boss_no_mnemonic: Llymlaen | boss_no_mnemonic: Oschon | boss_no_mnemonic: Althyk + Nald"
"thornmarch_extreme","4","mnemonic_no_zh: '3）Sacred Soil' | desc_bad_start: ', creating 2 orange thin-cone markings on the ground.' | desc_bad_start: '.；依預兆走位處理。' | desc_bad_start: ', use Succor, and hope no one dies.；依預兆走位處理。'"
"thousand_maws_of_totorak","2","desc_truncated: 'Graffias targets a random player, dealing minor damage and spawning an untargetable Fleshy Pod add at their position. After a few seconds, the add exp...' | desc_truncated: 'A player will be targeted and a large green poison puddle will be placed at their position that inflicts a Pollen debuff, dealing damage over time to ...'"
"tower_at_paradigms_breach","4","boss_no_mnemonic: Knave | boss_no_mnemonic: Red Girl | boss_no_mnemonic: Warrior of Light | boss_no_mnemonic: Meng Sisters"
"tower_of_babil","3","boss_no_mnemonic: 99th Facet of Strife | boss_no_mnemonic: Anima | boss_no_mnemonic: Lugae & Barnabas"
"twinning","3","boss_no_mnemonic: Magitek Predator | boss_no_mnemonic: Mythril Mountain | boss_no_mnemonic: Magus Sisters"
"underkeep","6","desc_truncated: 'Spawns two sets of untargetable Sand Sphere adds, each of which will use a telegraphed point-blank AoE (Sphere Shatter). The first set has 7 spheres a...' | desc_truncated: 'The boss will brandish its glowing sword to its left or right, while a small purple wave of energy will appear at its feet on that side. It will then ...' | desc_truncated: 'Spawns four untargetable Add Blocks in pairs outside of the arena. These will use a late telegraphed line AoE in front of them, leaving one quadrant o...' | desc_truncated: 'The boss will tether two tiles with magenta tethers and the edge of the south two tiles with blue tethers. The magenta tethers will spawn a magenta or...' | desc_truncated: 'Each player will receive a conal spread marker while multiple conal AoE floor telegraphs will appear. The spread markers and telegraphs will begin exp...' | desc_truncated: 'The boss will face one cardinal and use a late telegraphed 180 degree frontal cleave, while all players receive a spread marker AoE (Hypercharged Ligh...'"
"unmaking","4","desc_truncated: 'The boss faces the voidgate in the background and tethers it with blue arrows, indicating a large late-telegraphed point-blank AoE centered on the por...' | desc_bad_start: ', the boss summons ten orbs around it in a clockwise pattern. The first two orbs will have the last two orbs beneath them. The orbs will each use an u...' | desc_truncated: ', the boss summons ten orbs around it in a clockwise pattern. The first two orbs will have the last two orbs beneath them. The orbs will each use an u...' | desc_truncated: 'Tethers two random players to small portals, which will them follow them and leave a trail of untelegraphed circle AoEs (Endless Chase). Being hit by ...'"
"urths_fount","2","mnemonic_no_zh: '3）Gungnir' | desc_truncated: 'Targets 3 random party members (never the main tank) with a medium circle AoE, dealing magical damage and inflicting a cleanseable 10s slow Slow on al...'"
"vanaspati","3","boss_no_mnemonic: Terminus Snatcher | boss_no_mnemonic: Vakra Aspakas | boss_no_mnemonic: Terminus"
"vanguard","8","desc_truncated: 'Beware the wingblade! The boss will telegraph an AoE (Rapid Rotary) where it will move to the wall and drive in a circle around the arena, while brand...' | desc_truncated: 'Spawns untargetable Explosive Turret and Laser Turret adds, which will use numerous baited circle AoEs (Shock) and line AoEs (Homing Cannon) requiring...' | desc_truncated: 'Spawns six electric barriers in the middle of the arena that persist for the next mechanic. Any player who contacts these will take damage (Electrosta...' | desc_truncated: 'Two rotating persistent conal AoEs, from opposite sides of the boss, and intermittent point-blank and circle AoEs that the party will need to dodge wh...' | desc_wiki_artifact (File:): 'A motion-sensitive bomb has been affixed to you. Gives each player an File:Acceleration bomb icon.png Acceleration Bomb debuff for 12s. Players must n...' | desc_truncated: 'A motion-sensitive bomb has been affixed to you. Gives each player an File:Acceleration bomb icon.png Acceleration Bomb debuff for 12s. Players must n...' | desc_truncated: 'The boss moves to the wall and spawns an orange squiggle through the arena, while four sword markers appear. The boss will travel down the squiggle an...' | desc_truncated: 'Similar to Soulbane Saber from phase 1, but the boss also combos the initial line AoE with either a 180 degree front or rear cleave based on the name ...'"
"voidcast_dais","1","boss_no_mnemonic: Golbez"
"voidcast_dais_extreme","1","boss_no_mnemonic: Golbez"
"void_ark","21","mnemonic_truncated: '1）B1 Cetus (Boss)：Electric Swipe / Body Slam / Immersion' | mnemonic_no_zh: '5）B5 Irminsul：' | desc_truncated: 'Unavoidable party-wide damage combined with watery orbs that appear over several random players. After a few seconds, these orbs will drop onto the fl...' | desc_truncated: 'While the Hybodus are still alive, Cetus will mark a random player with a green crosshair and begin slowly chasing them, dropping circle AoEs behind i...' | desc_truncated: 'Cetus stuns the entire alliance and becomes untargetable, then pulls one party into the center of the arena while pushing the other two parties to the...' | desc_truncated: 'Irminsul and Sawtooth are permanently tethered to each other. When the HP difference between the two grows too large, Sawtooth will drain health from ...' | desc_truncated: 'As the battle starts, both Irminsul and Sawtooth will each gain one of either Ranged Resistance or Magic Resistance buffs, rendering that boss invinci...' | desc_truncated: 'Three random players are marked with large green-yellow circle AoEs. After a short delay, balls of mucus splatter over the targeted players and anyone...' | desc_truncated: 'Irminsul becomes shielded and Invincible to all damage, while Sawtooth slowly charges the attack. At the end of the cast, Sawtooth slams the ground, d...' | desc_truncated: 'Several very weak Ark Ked adds will appear. After a few moments, Sawtooth will bury its heads into the ground and cause large circular rumbling dirt A...' | desc_truncated: 'A circle AoE centered on Irminsul that it uses periodically. Players hit are dealt minor damage and inflicted with poison Poison. This is Irminsul's o...' | desc_truncated: 'An untelegraphed cone attack from Cuchulainn's front. The attack lingers, dealing damage every second and inflicting a stack of poison Poison with eve...' | desc_truncated: 'Cuchulainn lifts the four tentacles at the bottom of his body, then slams them down as line attacks in the diagonal directions from where he's facing....' | desc_truncated: 'Void portals will appear over the raised platforms in the arena, eventually spawning Foobar adds. Cuchulainn gains Physical Stoneskin and Magical Ston...' | desc_truncated: 'Used immediately after Beckon if there are any Foobars in melee range. Cuchulainn devours the Foobar add, instantly killing it and boosting his next a...' | desc_truncated: 'Cuchulainn sprays vomit all over the arena, dealing damage, which can be lessened by standing on the raised platforms. If Cuchulainn had eaten at leas...' | desc_truncated: 'All players are given another stack of the indefinite bleeding Bleeding debuff, and eight Black Phlegm orbs will appear around the arena. These orbs m...' | desc_truncated: 'Echidna leaves the arena and performs one of two attacks: A stack marker on a random player, or several large circle AoEs randomly placed around the a...' | desc_truncated: 'Echidna separates into three targets: Echidna, Sinister, and Dexter. The three pieces will each automatically aggro the tanks from each party (Echidna...' | desc_truncated: 'Used by Dexter and Sinister. Inflicts light damage to players in a small radius around them and inflicts magic vulnerability up 2 Magic Vulnerability ...' | boss_no_mnemonic: Irminsul"
"wanderers_palace","1","desc_truncated: 'is a large circular AoE attack that targets a random player and deals moderate amount of damage and inflicts a debuff that reduces healing received to...'"
"wanderers_palace_hard","4","mnemonic_truncated: '1）B1 Frumious Koheel Ja：Fire Angon' | boss_no_mnemonic: Slithy Zolool Ja | desc_bad_start: ', by kiting him around the outer edge of the boss room.' | desc_bad_start: ', which applies doom Doom (status effect) on random party members looking at him.'"
"weeping_city_of_mhach","7","mnemonic_no_zh: '2）B2 Forgall：' | desc_bad_start: ', a telegraphed point-blank AoE that will inflict Terror on anyone hit, and Dark II, a telegraphed conal AoE that will inflict Heavy on anyone hit.' | boss_no_mnemonic: Forgall | desc_wiki_artifact (</): '|| - Countdown marker</br>- Sheathe your weapon and stop moving until countdown is over.' | desc_truncated: 'sweeps the left or right side of the boss and is visually indicated when either side of her hair turns into a stinger blade. (<font color=""FE8D53"">""Ca...' | desc_truncated: 'will pull you towards the center into three bulb flowers if you're looking at the boss, and will push you away if you're not. (<font color=""FE8D53"">""C...' | desc_truncated: 'will make the boss charge towards the wall, followed by a Haircut. Make sure to watch where her blade is to avoid it. Tanks might want to reposition h...'"
"whorleater_extreme","7","mnemonic_truncated: '3）Spinning Dives followed by a' | desc_bad_start: ', reflecting Physical Ranged damage.；依預兆走位處理。' | desc_bad_start: ', reflecting Magic damage.；依預兆走位處理。' | desc_bad_start: '.；依預兆走位處理。' | desc_wiki_artifact ({{): 'will be debuffed with {{Status effect|debuff|File:Briny Mirror.' | desc_bad_start: '.；依預兆走位處理。' | desc_bad_start: '.；依預兆走位處理。'"
"windurst_the_third_walk","25","desc_truncated: 'The two raised sections will collide with each other. Players should find the largest gap in the four sections and stand near the middle to avoid this...' | desc_truncated: 'A telegraphed donut AoE centered on Shantotto. She will then move to each of the ley lines she tethered to, in order, and repeat the attack with a lat...' | desc_truncated: 'Spawns multiple circle AoE telegraphs and proximity AoEs (Large Specimen) at random locations. One healer will also be marked with a stack marker deal...' | desc_truncated: 'The boss will become briefly untargetable and inflict raid-wide magical damage. After she becomes targetable again, line AoEs and circle AoEs of vario...' | desc_truncated: 'The medusa will spawn four ""exaflare"" telegraphs at the center aimed towards the cardinals, then another set of four exaflares aimed at the intercardi...' | desc_truncated: 'A telegraphed gaze attack from the boss that will inflict an 8-second cleansable petrification petrification. Combined with two sets of crisscrossing ...' | desc_truncated: 'A blue target will spin around the boss. When the cast bar fills and the target stops, the boss will use a late-telegraphed persistent 90 degree cleav...' | desc_truncated: 'Two gauges will appear on each side of the boss (left and right) and each begin filling. The side containing the gauge that fills first will be hit wi...' | desc_truncated: 'The floor will temporarily transform in to a 5x5 grid of blue tiles. Orange crosshairs will move between all the tiles in a pattern, indicating the or...' | desc_truncated: 'The boss will become untargetable while the adds become targetable and must be defeated before the Aetherial Conduit Reserves gauge reaches 100, or th...' | desc_truncated: 'The boss will tether two adds, then the other two. This indicates the order in which the adds will use a massive late-telegraphed point-blank AoE (Ele...' | desc_truncated: 'The miniboss will use five telegraphed conal AoEs with gaps in between them and the rear safe, while each add will use Optic Induration, a telegraphed...' | desc_truncated: 'The miniboss will mark several players with large spread AoE markers dealing magical damage. The adds will use Static Filament, spawning three circle ...' | desc_truncated: 'The boss connects four puddles (two per side) and will transmit purple orbs starting from the center. When the orbs reach the puddles at the end of th...' | desc_truncated: 'The boss spawns an orange ring with four orange rays pointing to its center. A larger, concentric orange ring will collapse inward. When the rings tou...' | desc_truncated: 'Spawns another set of rings, except they will be green with rays pointing outward. The boss will move to a new area, then cast Pestilent Penance, a te...' | desc_truncated: 'If the adds were defeated in time, the arena will return to normal and the boss will receive directional disregard Directional Disregard while it prep...' | desc_truncated: 'Evenly spaced conal Aoe telegraphs with gaps in between. One side of the the boss will also glow green, indicating a half-room cleave on that side tha...' | desc_wiki_artifact (File:): 'Gives all players a 25-second File:Cloak of Waning Light.png Cloak of Waning Light (Your dark resistance has been reduced...) or File:Cloak of Waxing ...' | desc_truncated: 'Gives all players a 25-second File:Cloak of Waning Light.png Cloak of Waning Light (Your dark resistance has been reduced...) or File:Cloak of Waxing ...' | desc_truncated: 'Aether running through the floor threatens to explode! One level of the arena will become light-aspected, while the other level will become dark-aspec...' | desc_truncated: '(no cast bar): Spawns eight towers at the north. Tower will appear red (if empty) or blue (if taken). One random player in each tower will be temporar...' | desc_truncated: 'The boss will use two late-telegraphed line AoEs hitting more than two-thirds of the arena, leaving one corner safe, based on the name of the cast. Fo...' | desc_truncated: 'One head will display a point-blank AoE while the other displays a donut AoE marker, indicating which side of the room will be hit by the respective q...' | desc_truncated: 'Spawns ""exaflare"" circle AoEs at the left and right sides of the arena in an alternating pattern. For visual clarity, the initial AoE markers are also...'"
"windward_wilds","8","desc_truncated: 'The boss raises one of its claws, indicating a wide, late telegraphed line AoE that will hit that side and through its hitbox, leaving its opposite fl...' | desc_truncated: 'The boss will jump to one edge of the arena. It will then charge to the opposite side (with colored cracks on the ground as an indicator), damaging an...' | desc_truncated: 'A telegraphed line AoE with arrows will appear, then gradually cascade outwards in both directions as late telegraphed line AoEs. In later uses of thi...' | desc_truncated: 'The boss will show three line AoE charge telegraphs in sequence. At the end of each charge, a circle AoE telegraph with outward arrows will be briefly...' | desc_truncated: 'Six towers spawn: two tankbuster towers (opposite each other) and four normal towers. When the towers are active, random players will receive two sets...' | desc_truncated: 'Guardian Arkveld gathers energy... Four ""exaflare"" moving circle AoE telegraphs will spawn from the middle, on all cardinals or intercardinals. There ...' | desc_truncated: 'Guardian Arkveld brings its might to bear! The boss deals three hits of raid-wide damage (first two physical, third magical) that should be healed thr...' | desc_truncated: 'The boss spawns a purple line AoE telegraph that will rotate in the direction of the arrows. Get behind the arrows, then spread out, because each play...'"
"windward_wilds_extreme","1","boss_no_mnemonic: Valigarmanda"
"world_of_darkness","8","mnemonic_truncated: '2）B2 Five-headed Dragon：Ice Floor' / The Last Song / Fermata' | desc_bad_start: ', a floor-covering AoE that is split into red and white, which gives a stacking debuff depending on what colour you're standing on.' | desc_bad_start: ', anyone looking in his direction will receive a doom Doom (status effect) debuff that kills you in 10 seconds.' | desc_bad_start: ', signified by a finger and a cone that rotates clockwise around the boss room, occurs when 4 Final Hourglasses spawn at the outer edge of the room.' | desc_bad_start: ', an attack that will do raid-wide damage if not interrupted.' | desc_bad_start: '.' | desc_bad_start: ', another interruptible attack.' | desc_bad_start: ', an untelegraphed radial knockback.'"
"xelphatol","1","desc_truncated: 'Causes the next On Low to be almost instant. On Low is used right after. Cannot be dodged to the side as the cast is instant. The boss runs up to the ...'"
,"2","no_duty_mnemonic | no_bosses"
